domainvalue,cv,val
1,1,0.0188479394871135
2,1,0.00993792188982475
3,1,0.0454473837305196
1,2,0.0096036410720047
2,2,0.010024982084807
3,2,0.0304658367442015
1,3,0.0135040175765445
2,3,0.0139465060371376
3,3,0.0397518803547685
