CV1,CV2,CV3,dom
0.0188479394871135,0.0096036410720047,0.0135040175765445,DOM1
0.00993792188982475,0.010024982084807,0.0139465060371376,DOM2
0.0454473837305196,0.0304658367442015,0.0397518803547685,DOM3
