domainvalue,cv,val
1,1,0.0194801317738632
2,1,0.0107005096542595
3,1,0.0462034396021563
1,2,0.010942431997853
2,2,0.00882891030556116
3,2,0.0339738220834363
1,3,0.012760753580787
2,3,0.0127174595594325
3,3,0.0409565075069092
