CV1,CV2,CV3,dom
0.0194801317738632,0.010942431997853,0.012760753580787,DOM1
0.0107005096542595,0.00882891030556116,0.0127174595594325,DOM2
0.0462034396021563,0.0339738220834363,0.0409565075069092,DOM3
