CV1,CV2,CV3,dom
0.0185225513893176,0.00882345413644304,0.0138773266328191,DOM1
0.00908976000123196,0.00907663649653278,0.0134677976073695,DOM2
0.046548020262221,0.027977199861642,0.0428386474856652,DOM3
