domainvalue,cv,val
1,1,0.0185225513893176
2,1,0.00908976000123196
3,1,0.046548020262221
1,2,0.00882345413644304
2,2,0.00907663649653278
3,2,0.027977199861642
1,3,0.0138773266328191
2,3,0.0134677976073695
3,3,0.0428386474856652
