CV1,CV2,CV3,dom
0.0193498412156474,0.0101265596383086,0.0152882854268005,DOM1
0.00827135556532307,0.00987808693321071,0.0138497373436819,DOM2
0.040325988149626,0.0321528601090436,0.0435917277943572,DOM3
