domainvalue,cv,val
1,1,0.0193498412156474
2,1,0.00827135556532307
3,1,0.040325988149626
1,2,0.0101265596383086
2,2,0.00987808693321071
3,2,0.0321528601090436
1,3,0.0152882854268005
2,3,0.0138497373436819
3,3,0.0435917277943572
