CV1,CV2,CV3,dom
0.0201341941976779,0.00981751922432619,0.0136877496591515,DOM1
0.00967998208917072,0.00963223514746259,0.0127773400758491,DOM2
0.0460487707146044,0.0300693105021191,0.0444498052089447,DOM3
