domainvalue,cv,val
1,1,0.0211726736197735
2,1,0.0104625559489278
3,1,0.0468955868875606
1,2,0.0096626804787212
2,2,0.00935723883653365
3,2,0.027046201321189
1,3,0.0149725658416451
2,3,0.0133752838827896
3,3,0.0405459039287069
