CV1,CV2,CV3,dom
0.0211726736197735,0.0096626804787212,0.0149725658416451,DOM1
0.0104625559489278,0.00935723883653365,0.0133752838827896,DOM2
0.0468955868875606,0.027046201321189,0.0405459039287069,DOM3
