domainvalue,cv,val
1,1,0.0201341941976779
2,1,0.00967998208917072
3,1,0.0460487707146044
1,2,0.00981751922432619
2,2,0.00963223514746259
3,2,0.0300693105021191
1,3,0.0136877496591515
2,3,0.0127773400758491
3,3,0.0444498052089447
