CV1,CV2,CV3,dom
0.0218819373168541,0.00971953048448088,0.0131096692888162,DOM1
0.010119409870926,0.00995580702425327,0.0135468782784653,DOM2
0.0461069316670908,0.0293651795220577,0.0485865276929296,DOM3
