domainvalue,cv,val
1,1,0.0212449374662615
2,1,0.00975174168538605
3,1,0.0478677563466701
1,2,0.00938954836607918
2,2,0.0112783502594274
3,2,0.0287474355967498
1,3,0.0150381165633886
2,3,0.0127233458918313
3,3,0.040558277300695
